;Parents;child1;child2;child3;child4;child5;child6;child7
; Fournisseurs ; Consommables ; BL'NETT ; Consommables hygiène;;;;
; Fournisseurs ; Consommables ; RAJA ; Equipements production;;;;
; Fournisseurs ; Consommables ; RAJA ; Consommables hygiène;;;;
; Fournisseurs ; Consommables ; RAJA ; Consommables logistique;;;;
; Fournisseurs ; Consommables ; RAJA ; Consommables bureau;;;;
; Fournisseurs ; Consommables ; Top Office ; Consommables bureau;;;;
; Fournisseurs ; Consommables ; Top Office ; Equipements bureau;;;;
; Fournisseurs ; Consommables ; Antalis ; Cartons;;;;
; Fournisseurs ; Consommables ; Grosseron ; Bactériologie;;;;
; Fournisseurs ; Consommables ; Grosseron ; Consommables laboratoire;;;;
; Fournisseurs ; Consommables ; Grosseron ; Equipements laboratoire;;;;
; Fournisseurs ; Consommables ; Tiflex ; Consommables machine;;;;
; Fournisseurs ; Consommables ; Cartouche Club ; Consommables bureau;;;;
; Clients France ; B to B ; HAM Distribution ; Emballages ; Bouchon ; Capsule service;;
; Clients France ; B to B ; HAM Distribution ; Emballages ; Capots;;;
; Clients France ; B to B ; HAM Distribution ; Emballages ; Pompes ; Huile;;
; Clients France ; B to B ; HAM Distribution ; Emballages ; Pompes ; Crème;;
; Clients France ; B to B ; HAM Distribution ; Emballages ; Flacons ; Gamme KLESS;;
; Clients France ; B to B ; HAM Distribution ; Emballages ; Flacons ; Sérigraphié;;
; Clients France ; B to B ; HAM Distribution ; Emballages ; Flacons ; Gamme Daniela;;
; Clients France ; B to B ; HAM Distribution ; Emballages ; Pots ; PP;;
; Clients France ; B to B ; HAM Distribution ; Emballages ; Pots ; Verre;;
; Clients France ; B to B ; HAM Distribution ; Emballages ; Couvercles ; PP;;
; Clients France ; B to B ; HAM Distribution ; Emballages ; Couvercles ; Thermodur;;
; Clients France ; B to B ; HAM Distribution ; Emballages ; Tubes ; Mat;;
; Clients France ; B to B ; HAM Distribution ; Emballages ; Etiquettes;;;
; Clients France ; B to B ; HAM Distribution ; Emballages ; Boites;;;
; Clients France ; B to B ; Tendances coiffure ; Emballages ; Bouchons ; A pression;;
; Clients France ; B to B ; Tendances coiffure ; Emballages ; Bouchons ; Capot;;
; Clients France ; B to B ; Tendances coiffure ; Emballages ; Pompes ; Comptes gouttes;;
; Clients France ; B to B ; Tendances coiffure ; Emballages ; Pompes ; Spray;;
; Clients France ; B to B ; Tendances coiffure ; Emballages ; Pompes ; Crème;;
; Clients France ; B to B ; Tendances coiffure ; Emballages ; Pompes ; Huile;;
; Clients France ; B to B ; Tendances coiffure ; Emballages ; Flacons ; Verre;;
; Clients France ; B to B ; Tendances coiffure ; Emballages ; Flacons ; Noir;;
; Clients France ; B to B ; Tendances coiffure ; Emballages ; Flacons ; Ambré plastique;;
; Clients France ; B to B ; Tendances coiffure ; Emballages ; Pots ; Alu;;
; Clients France ; B to B ; Tendances coiffure ; Emballages ; Pots ; PET;;
; Clients France ; B to B ; Tendances coiffure ; Emballages ; Couvercles ; Alu;;
; Clients France ; B to B ; Tendances coiffure ; Emballages ; Tubes ; Mat;;
; Clients France ; B to B ; Tendances coiffure ; Emballages ; Tubes ; Brillant;;
; Clients France ; B to B ; Tendances coiffure ; Man's Beard ; Emballages ; Etiquettes;;
; Clients France ; B to B ; Tendances coiffure ; Barb'Attitude ; Emballages ; Etiquettes;;
; Clients France ; B to B ; Tendances coiffure ; Cher Monsieur ; Emballages ; Etiquettes;;
; Clients France ; B to B ; Tendances coiffure ; Man's Beard ; Emballages ; Boites;;
; Clients France ; B to B ; Tendances coiffure ; Barb'Attitude ; Emballages ; Boites;;
; Clients France ; B to B ; Phytobiolab ; Emballages ; Bouchons ; Capsule service;;
; Clients France ; B to B ; Phytobiolab ; Emballages ; Bouchons ; A vis;;
; Clients France ; B to B ; Phytobiolab ; Emballages ; Pompes ; Crème;;
; Clients France ; B to B ; Phytobiolab ; Emballages ; Flacons;;;
; Clients France ; B to B ; Phytobiolab ; Emballages ; Etiquettes;;;
; Clients France ; B to B ; Mathera ; Emballages ; Airless ; Pompes;;
; Clients France ; B to B ; Mathera ; Emballages ; Bouchons ; A pression;;
; Clients France ; B to B ; Mathera ; Emballages ; Airless ; Containers;;
; Clients France ; B to B ; Mathera ; Emballages ; Flacons;;;
; Clients France ; B to B ; Mathera ; Emballages ; Etiquettes;;;
; Clients France ; B to B ; Qenoa ; Emballages ; Flacons ;;;
; Clients France ; B to B ; Qenoa ; Emballages ; Pompes ; Crème ;;
; Clients France ; B to B ; Qenoa ; Emballages ; Tubes ; Brillant;;
; Clients France ; B to B ; Qenoa ; Emballages ; Etiquettes;;;
; Clients France ; B to B ; SIDAS ; Emballages ; Tubes ; Mat;;
; Clients France ; B to B ; Hotech ; Emballages ; Pots ; Verre;;
;;;;;;;;
; Clients France ; B to B ; Hotech ; Emballages ; Couvercle ; Thermodur;;
;;;;;;;;
; Clients France ; B to B ; Asinerie d'Oc ; Emballages ; Tube ; Mat;;
;;;;;;;;
; Clients France ; B to B ; Asinerie d'Oc ; Emballages ; Etiquettes;;;
;;;;;;;;
; Clients France ; B to B ; Berthe Guilhem ; Emballages ; Etiquettes;;;
;;;;;;;;
; Clients France ; B to B ; Synphonat ; Emballages ; Etiquettes;;;
;;;;;;;;
; Clients France ; B to B ; Les Juments du Ventoux ; Emballages ; Etiquettes;;;
;;;;;;;;
; Clients France ; B to B ; Exquises caprines ; Emballages ; Etiquettes;;;
;;;;;;;;
; Clients France ; B to B ; Thermanence ; Emballages ; Pots ; Verre;;
;;;;;;;;
; Clients France ; B to B ; Thermanence ; Emballages ; Flacons ; PET;;
;;;;;;;;
; Clients France ; B to B ; Thermanence ; Emballages ; Flacons ; Verre;;
;;;;;;;;
; Clients France ; B to B ; Thermanence ; Emballages ; Couvercles ; Thermodur;;
;;;;;;;;
; Clients France ; B to B ; Thermanence ; Emballages ; Accessoires ; Spatules ; PE;
;;;;;;;;
; Clients France ; B to B ; Thermanence ; Emballages ; Accessoires ; Opercules ;D48;
;;;;;;;;
; Clients France ; B to B ; Thermanence ; Emballages ; Pompes ; Dispenser;;
;;;;;;;;
; Clients France ; B to B ; Thermanence ; Emballages ; Pompes ; Huile;;
;;;;;;;;
; Clients France ; B to B ; Thermanence ; Emballages ; Pompes ; Crème;;
;;;;;;;;
; Clients France ; B to B ; Thermanence ; Emballages ; Bouchons ; Capot;;
;;;;;;;;
; Clients France ; B to B ; Thermanence ; Emballages ; Tubes ; Mat;;
;;;;;;;;
; Clients France ; B to B ; Thermanence ; Emballages ; Etiquettes;;;
;;;;;;;;
; Clients France ; B to B ; Thermanence ; Emballages ; Boites;;;
;;;;;;;;
; Fournisseurs ; Emballages ; Eurovetrocap ; Bouchons ; Capsule service;;;
;;;;;;;;
; Fournisseurs ; Emballages ; Eurovetrocap ; Flacons ; Gamme KLESS ; PEHD;;
;;;;;;;;
; Fournisseurs ; Emballages ; Pulvorex ;Airless ; Pompes ; Micro;;
;;;;;;;;
; Fournisseurs ; Emballages ; Pulvorex ;Airless ; Pompes ; Mezzo;;
;;;;;;;;
; Fournisseurs ; Emballages ; Pulvorex ; Pompes ; Mousse;;;
;;;;;;;;
; Fournisseurs ; Emballages ; Pulvorex ;Airless ; Accessoires ; Embase;;
;;;;;;;;
; Fournisseurs ; Emballages ; Pulvorex ;Airless ; Accessoires ; Piston;;
;;;;;;;;
; Fournisseurs ; Emballages ; Pulvorex ;Airless ; Container ; Micro;;
;;;;;;;;
; Fournisseurs ; Emballages ; Pulvorex ;Airless ; Container ; Macro;;
;;;;;;;;
; Fournisseurs ; Emballages ; Pulvorex ;Airless ; Container ; Mezzo;;
;;;;;;;;
; Fournisseurs ; Emballages ; Pulvorex ; Flacons ;Gamme F2-F3; PEHD;;
;;;;;;;;
; Fournisseurs ; Emballages ; Embelia ; Airless ; Ecosolution ; Containers;;
;;;;;;;;
; Fournisseurs ; Emballages ; Embelia ; Flacons ; Gamme Voyage ; PEHD;;
;;;;;;;;
; Fournisseurs ; Emballages ; Embelia ; Pompes ; Crème;;;
;;;;;;;;
; Fournisseurs ; Emballages ; Embelia ; Airless ; Ecosolution ; Pompes;;
;;;;;;;;
; Fournisseurs ; Emballages ; Embelia ; Bouchons ; Capsule service;;;
;;;;;;;;
; Fournisseurs ; Emballages ; Embelia ; Bouchons ; Capot;;;
;;;;;;;;
; Fournisseurs ; Emballages ; CVP ; Pots ; Gamme Colmar ; PP;;
;;;;;;;;
; Fournisseurs ; Emballages ; CVP ; Pompe ; Crème ;Gamme DPS4;24;410
;;;;;;;;
; Fournisseurs ; Emballages ; CVP ; Couvercles ; Gamme Colmar ; PP;;
;;;;;;;;
; Fournisseurs ; Emballages ; CVP ; Dosette ;PP28;;;
;;;;;;;;
; Fournisseurs ; Emballages ; Fidel Fillaud ; Flacons ; Gamme Veral ; PET;;
;;;;;;;;
; Fournisseurs ; Emballages ; Fidel Fillaud ; Bouchons ; Inviolable;;;
;;;;;;;;
; Fournisseurs ; Emballages ; Gerstube ; Tubes ; Mat;;;
;;;;;;;;
; Fournisseurs ; Emballages ; Laboplast ; Tubes ; Brillant;;;
;;;;;;;;
; Fournisseurs ; Emballages ; Création Graphik ; Etiquettes ; HELE;;;
;;;;;;;;
; Fournisseurs ; Emballages ; Création Graphik ; Etiquettes ; Cosmétiques Emeraude;;;
;;;;;;;;
; Fournisseurs ; Emballages ; Antoli ; Boites ; HELE;;;
;;;;;;;;
; Fournisseurs ; Emballages ;;;;;;
;;;;;;;;
; Fournisseurs ; Matières premières ; Aldivia ; Huiles végétales;;;;
;;;;;;;;
; Fournisseurs ; Matières premières ; AMI Ingrédients ; Emollient;;;;
;;;;;;;;
; Fournisseurs ; Matières premières ; AMI Ingrédients ; Texturants;;;;
;;;;;;;;
; Fournisseurs ; Matières premières ; AMI Ingrédients ; Autres;;;;
;;;;;;;;
; Fournisseurs ; Matières premières ; Azelis ; Emollients;;;;
;;;;;;;;
; Fournisseurs ; Matières premières ; Azelis ; Autres;;;;
;;;;;;;;
; Fournisseurs ; Matières premières ; Baerlocher ; Beurres;;;;
;;;;;;;;
; Fournisseurs ; Matières premières ; Brenntag ; Texturants;;;;
;;;;;;;;
; Fournisseurs ; Matières premières ; Brenntag ; Autres;;;;
;;;;;;;;
; Fournisseurs ; Matières premières ; Cailleau Herboristerie ; Plantes;;;;
;;;;;;;;
; Fournisseurs ; Matières premières ; Chasseur d'essence ; Parfums;;;;
;;;;;;;;
; Fournisseurs ; Matières premières ; Chimie distribution ; Actifs;;;;
;;;;;;;;
; Fournisseurs ; Matières premières ; Cooper ; Actifs;;;;
;;;;;;;;
; Fournisseurs ; Matières premières ; Cooper ; Texturants;;;;
;;;;;;;;
; Fournisseurs ; Matières premières ; Cooper ; Autres;;;;
;;;;;;;;
; Fournisseurs ; Matières premières ; Croda ; Actifs;;;;
;;;;;;;;
; Fournisseurs ; Matières premières ; DKSH ; Actifs;;;;
;;;;;;;;
; Fournisseurs ; Matières premières ; DSM ; Autres;;;;
;;;;;;;;
; Fournisseurs ; Matières premières ; DSM ; Actifs;;;;
;;;;;;;;
; Fournisseurs ; Matières premières ; Emile Groupe ; Huiles végétales;;;;
;;;;;;;;
; Fournisseurs ; Matières premières ; Exaflor ; Huiles essentielles;;;;
;;;;;;;;
; Fournisseurs ; Matières premières ; Expanscience ; Huiles végétales;;;;
;;;;;;;;
; Fournisseurs ; Matières premières ; Expression parfumées ; Parfums;;;;
;;;;;;;;
; Fournisseurs ; Matières premières ; Flavex ; Huiles essentielles;;;;
;;;;;;;;
; Fournisseurs ; Matières premières ; Flavex ; Huiles végétales;;;;
;;;;;;;;
; Fournisseurs ; Matières premières ; Gattefosse ; Autres;;;;
;;;;;;;;
; Fournisseurs ; Matières premières ; Gattefosse ; Beurres;;;;
;;;;;;;;
; Fournisseurs ; Matières premières ; Gattefosse ; Actifs;;;;
;;;;;;;;
; Fournisseurs ; Matières premières ; Gattefosse ; Texturants;;;;
;;;;;;;;
; Fournisseurs ; Matières premières ; Golgemma ; Huiles essentielles;;;;
;;;;;;;;
; Fournisseurs ; Matières premières ; Gonmisol ; Autres;;;;
;;;;;;;;
; Fournisseurs ; Matières premières ; Herbarum Laboratoire ; Huiles végétales;;;;
;;;;;;;;
; Fournisseurs ; Matières premières ; IES Labo ; Huiles végétales;;;;
;;;;;;;;
; Fournisseurs ; Matières premières ; Inoex ; Autres;;;;
;;;;;;;;
; Fournisseurs ; Matières premières ; Kreglinger ; Autres;;;;
;;;;;;;;
; Fournisseurs ; Matières premières ; La vallee chimie ; Beurres;;;;
;;;;;;;;
; Fournisseurs ; Matières premières ; Laboratoire Combe d'Ase ; Huiles essentielles;;;;
;;;;;;;;
; Fournisseurs ; Matières premières ; Lehvoss ; Autres;;;;
;;;;;;;;
; Fournisseurs ; Matières premières ; Lipo Chemical ; Autres;;;;
;;;;;;;;
; Fournisseurs ; Matières premières ; Lucas Meyer ; Autres;;;;
;;;;;;;;
; Fournisseurs ; Matières premières ; Masso ; Actifs;;;;
;;;;;;;;
; Fournisseurs ; Matières premières ; MLW ; Parfums;;;;
;;;;;;;;
; Fournisseurs ; Matières premières ; Nadal Alcool ; Autres;;;;
;;;;;;;;
; Fournisseurs ; Matières premières ; Néo Parfums ; Parfums;;;;
;;;;;;;;
; Fournisseurs ; Matières premières ; Panam ; Huiles végétales;;;;
;;;;;;;;
; Fournisseurs ; Matières premières ; Perles Gascogne ; Huiles végétales;;;;
;;;;;;;;
; Fournisseurs ; Matières premières ; Prod'hyg ; Autres;;;;
;;;;;;;;
; Fournisseurs ; Matières premières ; Prod'hyg ; Actifs;;;;
;;;;;;;;
; Fournisseurs ; Matières premières ; Prod'hyg ; Emollient;;;;
;;;;;;;;
; Fournisseurs ; Matières premières ; Provital ; Actifs;;;;
;;;;;;;;
; Fournisseurs ; Matières premières ; Provital ; Huiles végétales;;;;
;;;;;;;;
; Fournisseurs ; Matières premières ; Quimdis ; Actifs;;;;
;;;;;;;;
; Fournisseurs ; Matières premières ; Sabo ; Emollient;;;;
;;;;;;;;
; Fournisseurs ; Matières premières ; SACE ; Actifs;;;;
;;;;;;;;
; Fournisseurs ; Matières premières ; SACI-CFPA ; Actifs;;;;
;;;;;;;;
; Fournisseurs ; Matières premières ; SAFIC ALCAL ; Actifs;;;;
;;;;;;;;
; Fournisseurs ; Matières premières ; SASI ; Autres;;;;
;;;;;;;;
; Fournisseurs ; Matières premières ; Sensient ; Pigments;;;;
;;;;;;;;
; Fournisseurs ; Matières premières ; Seppic ; Autres;;;;
;;;;;;;;
; Fournisseurs ; Matières premières ; Seppic ; Autres ; Huiles végétales;;;
;;;;;;;;
; Fournisseurs ; Matières premières ; Seppic ; Actifs;;;;
;;;;;;;;
; Fournisseurs ; Matières premières ; Seppic ; Emollient;;;;
;;;;;;;;
; Fournisseurs ; Matières premières ; Seppic ; Texturanrs;;;;
;;;;;;;;
; Fournisseurs ; Matières premières ; Sophim ; Beurres;;;;
;;;;;;;;
; Fournisseurs ; Matières premières ; Sophim ; Autres;;;;
;;;;;;;;
; Fournisseurs ; Matières premières ; Univar solution ; Texturants;;;;
;;;;;;;;
; Fournisseurs ; Matières premières ; Unipex ; Texturants;;;;
;;;;;;;;
; Fournisseurs ; Matières premières ; Unipex ; Actifs;;;;
;;;;;;;;
; Clients France ; B to B ; Les Juments du Ventoux ; Matières premières ; Actifs;;;
;;;;;;;;
; Clients France ; B to B ; Exquises caprines ; Matières premières ; Actifs;;;
;;;;;;;;
; Clients France ; B to B ; Asinerie d'Oc ; Matières premières ; Actifs;;;
;;;;;;;;
; Clients France ; B to B ; Thermanence ; Matières premières ; Actifs;;;
;;;;;;;;
; Clients France ; B to B ; Phytobiolab ; Matières premières ; Beurre;;;
;;;;;;;;
; Clients France ; B to B ; Phytobiolab ; Matières premières ; Texturants;;;
;;;;;;;;
; Clients France ; B to B ; Phytobiolab ; Matières premières ; Autres;;;
;;;;;;;;
; Clients France ; B to B ; Phytobiolab ; Matières premières ; Huiles végétales;;;
;;;;;;;;
; Clients France ; B to B ; HAM Distribution ; Matières premières ; Parfums;;;
;;;;;;;;
; Clients France ; B to B ; HAM Distribution ; Matières premières ; Beurres;;;
;;;;;;;;
; Clients France ; B to B ; Mathera ; Matières premières ; Huiles végétales;;;
;;;;;;;;
; Clients France ; B to B ; Mathera ; Matières premières ; Actifs;;;
;;;;;;;;
; Clients France ; B to B ; Mathera ; Matières premières ; Hydrolats;;;
;;;;;;;;
; Clients France ; B to B ; Jade Recherche ; Matières premières ; Actifs;;;
;;;;;;;;
; Clients France ; B to B ; Asinerie D'oc ; Produits finis;;;;
;;;;;;;;
; Laboratoire Emeraude ; Produits finis ; Barb'Attitude;;;;;
;;;;;;;;
; Clients France ; B to B ; Maison Berthe Guilhem ; Produits finis;;;;
;;;;;;;;
; Laboratoire Emeraude ; Produits finis ; Cosmétiques Emeraude;;;;;
;;;;;;;;
; Clients France ; B to B ; Exquises Caprines ; Produits finis;;;;
;;;;;;;;
; Clients France ; B to B ; HAM Distribution ; Produits finis;;;;
;;;;;;;;
; Laboratoire Emeraude ; Produits finis ; HELE;;;;;
;;;;;;;;
; Clients France ; B to B ; Hotech ; Produits finis;;;;
;;;;;;;;
; Clients France ; B to B ; Jade Recherche ; Produits finis;;;;
;;;;;;;;
; Clients France ; B to B ; Les Juments du Ventoux ; Produits finis;;;;
;;;;;;;;
; Clients France ; B to B ; Mathera ; Produits finis;;;;
;;;;;;;;
; Clients France ; B to B ; Phytobiolab ; Produits finis;;;;
;;;;;;;;
; Clients France ; B to B ; SIDAS ; Produits finis;;;;
;;;;;;;;
; Clients France ; B to B ; Qenoa ; Produits finis;;;;
;;;;;;;;
; Clients France ; B to B ; Synphonat ; Produits finis;;;;
;;;;;;;;
; Clients France ; B to B ; Tendances coiffure ; Barb'Attitude ; Produits finis;;;
;;;;;;;;
; Clients France ; B to B ; Tendances coiffure ; Beauty Silk ; Produits finis;;;
;;;;;;;;
; Clients France ; B to B ; Tendances coiffure ; Man's Beard ; Produits finis;;;
;;;;;;;;
; Clients France ; B to B ; Tendances coiffure ; Saingel ; Produits finis;;;
;;;;;;;;
; Clients France ; B to B ; Tendances coiffure ; Cher Monsieur ; Produits finis;;;
;;;;;;;;
; Clients France ; B to B ; Thermanence ; Produits finis;;;;
